{
  "chinese": "chinese",
  "chines": "chinese",
  "mexican": "mexican",
  "mexi": "mexican",
  "italian": "italian",
  "ital": "italian",
  "american": "american",
  "americ": "american",
  "south indian": "south indian",
  "southindian": "south indian",
  "south": "south indian",
  "north indian": "north indian",
  "northindian": "north indian",
  "north": "north indian",
  "veggie": "vegetarian",
  "vegg": "vegetarian",
  "aurgangabad": "Aurangabad",
  "sambhaji nagar": "Aurangabad",
  "aurangabad": "Aurangabad",
  "city of golden temple": "Amritsar",
  "amritsar": "Amritsar",
  "city of seven islands": "Mumbai",
  "bombay": "Mumbai",
  "mumbai": "Mumbai",
  "belagavi": "Belgaum",
  "belgaum": "Belgaum",
  "bangalore": "Bangalore",
  "bengaluru": "Bangalore",
  "bglr": "Bangalore",
  "garden city": "Bangalore",
  "temple city": "Bhubaneswar",
  "bhuvaneswar": "Bhubaneswar",
  "bhubaneswar": "Bhubaneswar",
  "calicut": "Kozhikode",
  "kozhikode": "Kozhikode",
  "kanpur": "Kanpur",
  "cawnpore": "Kanpur",
  "bangle city": "Hyderabad",
  "hyderabad": "Hyderabad",
  "twin cities": "Hyderabad",
  "secundarabad": "Hyderabad",
  "sikandarabad": "Hyderabad",
  "calcutta": "Kolkata",
  "city of palaces": "Kolkata",
  "kolkata": "Kolkata",
  "mysuru": "Mysore",
  "sandal wood city": "Mysore",
  "mysore": "Mysore",
  "pondicherry": "Pondicherry",
  "puducherry": "Pondicherry",
  "auroville": "Pondicherry",
  "pondichery": "Pondicherry",
  "city of dawn": "Pondicherry",
  "visakhapatnam": "Visakhapatnam",
  "vizagapatnam": "Visakhapatnam",
  "waltair": "Visakhapatnam",
  "thiruvananthapuram": "Thiruvananthapuram",
  "trivandrum": "Thiruvananthapuram",
  "tvm": "Thiruvananthapuram",
  "thrissur": "Thrissur",
  "trichur": "Thrissur",
  "thiru siva peroor": "Thrissur",
  "surat": "Surat",
  "diamond city": "Surat",
  "quilon": "Kollam",
  "kollam": "Kollam",
  "poona": "Pune",
  "pune": "Pune",
  "kochi": "Kochi",
  "cochin": "Kochi",
  "guwahati": "Guwahati",
  "gauhati": "Guwahati",
  "indore": "Indore",
  "indhur": "Indore",
  "jabalpur": "Jabalpur",
  "jubbulpore": "Jabalpur",
  "jalandhar": "Jalandhar",
  "jullundur": "Jalandhar",
  "jodhpur": "Jodhpur",
  "sun city": "Jodhpur",
  "jaipur": "Jaipur",
  "pink city": "Jaipur",
  "chennai": "Chennai",
  "madras": "Chennai",
  "mangalore": "Mangalore",
  "mangaluru": "Mangalore",
  "orange city": "Nagpur",
  "nagpur": "Nagpur",
  "durg": "Durg Bhilai Nagar",
  "bhilai": "Durg Bhilai Nagar",
  "durg bhilai nagar": "Durg Bhilai Nagar",
  "durg bhilai": "Durg Bhilai Nagar",
  "vasai": "Vasai Virar City",
  "virar": "Vasai Virar City",
  "vasai virar": "Vasai Virar City",
  "vasai virar city": "Vasai Virar City",
  "panjim": "Goa",
  "panaji": "Goa",
  "north delhi": "Delhi",
  "goa": "Goa",
  "delhi": "Delhi",
  "mexican indian fusion": "mexican",
  "moderate": "mid",
  "four": "4",
  "ahmedabad": "Ahmedabad",
  "chandigarh": "Chandigarh",
  "300": "low",
  "300 to 700": "mid",
  "700": "high",
  "300-700": "mid",
  ">700": "high",
  "< 300": "low",
  "<300": "low",
  "not more than 300": "low",
  "not more than 700": "mid",
  "not less than 300 but not more than 700": "mid",
  "jammu": "Jammu",
  "north goa": "Goa",
  "under budget 300": "low",
  "covai": "Coimbatore",
  "kovai": "Coimbatore",
  "lowest": "low",
  "tiruppur": "Tiruppur",
  "sultanpur": "Sultanpur",
  "new delhi": "Delhi",
  "300 or 700": "mid",
  "medium": "mid",
  "cheapest": "low",
  "expensive": "high",
  "not so expensive": "mid",
  "not at all expensive": "low",
  "gulbarga": "Gulbarga",
  "srinagar": "Srinagar",
  "solapur": "Solapur",
  "siliguri": "Siliguri",
  "sangli": "Sangli",
  "hubli dharwad": "Hubli",
  "bokaro": "Bokaro Steel City",
  "steel city": "Bokaro Steel City",
  "300 700": "mid"
}